Original filename,Renamed upload path,Width,Height,Original filename location hint,Verification status,Adobe source or asset ID,License details,Notes
Carousel-Cuyabeno-6.jpg,src/assets/images/pages/countries/ecuador/general/river-canoe-moored.jpg,2400,1600,Cuyabeno,Location/species not independently verified,,,
Carousel-Tena-6.jpg,src/assets/images/pages/countries/ecuador/general/river-bend-forest-overlook.jpg,2400,1600,Tena,Location/species not independently verified,,,
Carousel-Cuyabeno-5.jpg,src/assets/images/pages/countries/ecuador/people-and-experiences/canoe-paddler-flooded-forest.jpg,2400,1600,Cuyabeno,Location/species not independently verified,,,
Carousel-Tena-5.jpg,src/assets/images/pages/countries/ecuador/people-and-experiences/herbal-tea-leaves-citrus.jpg,2400,1600,Tena,Location/species not independently verified,,,
Carousel-Amazon-9.jpg,src/assets/images/pages/countries/ecuador/wildlife/orange-frog-on-leaf.jpg,2400,1600,Not supplied,Location/species not independently verified,,,
Carousel-Amazon-8.jpg,src/assets/images/pages/countries/ecuador/people-and-experiences/traveler-rainforest-trail.jpg,2400,1600,Not supplied,Location/species not independently verified,,,
Carousel-Tena-4.jpg,src/assets/images/pages/countries/ecuador/people-and-experiences/cacao-pod-on-tree.jpg,2400,1600,Tena,Location/species not independently verified,,,
Amazon-Misahualli.jpg,src/assets/images/pages/countries/ecuador/wildlife/monkeys-resting-town-square.jpg,800,600,Misahualli,Location/species not independently verified,,,
Carousel-Cuyabeno-4.jpg,src/assets/images/pages/countries/ecuador/people-and-experiences/opened-cacao-pod.jpg,2400,1600,Cuyabeno,Location/species not independently verified,,,
Amazon-YasuniNationalPark.jpg,src/assets/images/pages/countries/ecuador/wildlife/macaws-at-clay-bank.jpg,800,600,Yasuni,Location/species not independently verified,,,
Carousel-Tena-1.jpg,src/assets/images/pages/countries/ecuador/general/aerial-river-forest.jpg,2400,1600,Tena,Location/species not independently verified,,,
Carousel-Cuyabeno-1.jpg,src/assets/images/pages/countries/ecuador/stays/thatched-riverside-lodge-reflection.jpg,2400,1600,Cuyabeno,Location/species not independently verified,,,
Carousel-Cuyabeno-3.jpg,src/assets/images/pages/countries/ecuador/general/canoe-sunset-lagoon.jpg,2400,1600,Cuyabeno,Location/species not independently verified,,,
Carousel-Tena-3.jpg,src/assets/images/pages/countries/ecuador/wildlife/monkeys-on-forest-branches.jpg,2400,1600,Tena,Location/species not independently verified,,,
Carousel-Amazon-10.jpg,src/assets/images/pages/countries/ecuador/general/milky-way-night-sky.jpg,2400,1600,Not supplied,Location/species not independently verified,,,
Carousel-Tena-2.jpg,src/assets/images/pages/countries/ecuador/general/river-town-bank.jpg,2400,1600,Tena,Location/species not independently verified,,,
Carousel-Cuyabeno-2.jpg,src/assets/images/pages/countries/ecuador/people-and-experiences/man-feather-headdress-portrait.jpg,2400,1600,Cuyabeno,Location/species not independently verified,,,
Carousel-Yasuni-1.jpg,src/assets/images/pages/countries/ecuador/general/forest-river-overlook.jpg,2400,1600,Yasuni,Location/species not independently verified,,,
Carousel-Yasuni-2.jpg,src/assets/images/pages/countries/ecuador/general/canoe-river-forested-bank.jpg,2400,1600,Yasuni,Location/species not independently verified,,,
Carousel-Yasuni-3.jpg,src/assets/images/pages/countries/ecuador/general/riverboat-deck-sunset.jpg,2400,1600,Yasuni,Location/species not independently verified,,,
Amazon-Tena.jpg,src/assets/images/pages/countries/ecuador/general/aerial-river-golden-light.jpg,800,600,Tena,Location/species not independently verified,,,
Carousel-Yasuni-6.jpg,src/assets/images/pages/countries/ecuador/people-and-experiences/man-blowpipe-demonstration.jpg,2400,1600,Yasuni,Location/species not independently verified,,,
Carousel-Adventure-7.jpg,src/assets/images/pages/countries/ecuador/people-and-experiences/canoe-passengers-calm-river.jpg,2400,1600,Not supplied,Location/species not independently verified,,,
Carousel-Yasuni-4.jpg,src/assets/images/pages/countries/ecuador/stays/thatched-lodge-roof-canopy.jpg,2400,1600,Yasuni,Location/species not independently verified,,,
Carousel-Yasuni-5.jpg,src/assets/images/pages/countries/ecuador/stays/thatched-forest-building.jpg,2400,1600,Yasuni,Location/species not independently verified,,,
amazon_stays_02.jpg,src/assets/images/pages/countries/ecuador/wildlife/monkey-portrait-on-branch.jpg,2400,1600,Not supplied,Location/species not independently verified,,,
amazon_stays_03.jpg,src/assets/images/pages/countries/ecuador/stays/illuminated-lodge-boardwalk-night.jpg,2400,1600,Not supplied,Location/species not independently verified,,,
amazon_stays_01.jpg,src/assets/images/pages/countries/ecuador/stays/thatched-lodge-riverbank.jpg,2400,1600,Not supplied,Location/species not independently verified,,,
Amazon-Cuyabeno.jpg,src/assets/images/pages/countries/ecuador/general/flooded-tree-sunset.jpg,800,600,Cuyabeno,Location/species not independently verified,,,
Carousel-Misahualli╠ü-6.jpg,src/assets/images/pages/countries/ecuador/wildlife/monkeys-town-square-pair.jpg,2400,1600,Misahualli,Location/species not independently verified,,,
Carousel-Amazon-3.jpg,src/assets/images/pages/countries/ecuador/general/green-canoe-river-view.jpg,2400,1600,Not supplied,Location/species not independently verified,,,
Carousel-Amazon-2.jpg,src/assets/images/pages/countries/ecuador/general/colorful-riverboat-reflection.jpg,2400,1600,Not supplied,Location/species not independently verified,,,
Carousel-Misahualli╠ü-5.jpg,src/assets/images/pages/countries/ecuador/general/boats-riverbank.jpg,2400,1600,Misahualli,Location/species not independently verified,,,
Carousel-Amazon-1.jpg,src/assets/images/pages/countries/ecuador/general/flooded-forest-tree.jpg,2400,1600,Not supplied,Location/species not independently verified,,,
Carousel-Misahualli╠ü-4.jpg,src/assets/images/pages/countries/ecuador/general/riverside-promenade.jpg,2400,1600,Misahualli,Location/species not independently verified,,,
Carousel-Amazon-5.jpg,src/assets/images/pages/countries/ecuador/people-and-experiences/woman-holding-cacao-pod.jpg,2400,1600,Not supplied,Location/species not independently verified,,,
Carousel-Amazon-4.jpg,src/assets/images/pages/countries/ecuador/general/calm-river-cloud-reflection.jpg,2400,1600,Not supplied,Location/species not independently verified,,,
Carousel-Misahualli╠ü-1.jpg,src/assets/images/pages/countries/ecuador/people-and-experiences/traveler-riverbank-boat.jpg,2400,1600,Misahualli,Location/species not independently verified,,,
Region-Amazon-01.jpg,src/assets/images/pages/countries/ecuador/general/canoe-calm-river-forest.jpg,1920,1080,Not supplied,Location/species not independently verified,,,
Carousel-Misahualli╠ü-3.jpg,src/assets/images/pages/countries/ecuador/general/covered-canoe-river.jpg,2400,1600,Misahualli,Location/species not independently verified,,,
Carousel-Amazon-6.jpg,src/assets/images/pages/countries/ecuador/people-and-experiences/traveler-buttress-tree.jpg,2400,1600,Not supplied,Location/species not independently verified,,,
Carousel-Amazon-7.jpg,src/assets/images/pages/countries/ecuador/wildlife/bird-on-rainforest-branch.jpg,2400,1600,Not supplied,Location/species not independently verified,,,
Carousel-Misahualli╠ü-2.jpg,src/assets/images/pages/countries/ecuador/wildlife/monkeys-town-square-pair-alternate.jpg,2400,1600,Misahualli,Location/species not independently verified,,,Same scene as monkeys-town-square-pair.jpg; use only one
